param,aic
"[(0, 1, 1), (3, 0, 1, 7)]",13084.276832541975
"[(0, 1, 1), (1, 0, 3, 7)]",13084.677910734492
"[(0, 1, 2), (3, 0, 1, 7)]",13085.955332628308
"[(1, 1, 1), (3, 0, 1, 7)]",13085.958135839175
"[(0, 1, 2), (1, 0, 3, 7)]",13086.399914144207
"[(1, 1, 1), (1, 0, 3, 7)]",13086.441968454126
"[(2, 1, 1), (3, 0, 1, 7)]",13087.933694056119
"[(0, 1, 3), (3, 0, 1, 7)]",13087.934744981714
"[(1, 1, 2), (3, 0, 1, 7)]",13088.0782442186
"[(2, 1, 1), (1, 0, 3, 7)]",13088.376094222152
"[(0, 1, 3), (1, 0, 3, 7)]",13088.399547614797
"[(0, 1, 1), (1, 0, 1, 7)]",13088.413885315724
"[(1, 1, 2), (1, 0, 3, 7)]",13088.54423864968
"[(0, 1, 1), (3, 0, 3, 7)]",13089.071931695315
"[(2, 1, 2), (3, 0, 1, 7)]",13089.663205561363
"[(3, 1, 1), (3, 0, 1, 7)]",13089.945682845351
"[(1, 1, 3), (3, 0, 1, 7)]",13089.951276794636
"[(2, 1, 2), (1, 0, 3, 7)]",13090.265370520432
"[(0, 1, 2), (1, 0, 1, 7)]",13090.280865733608
"[(1, 1, 1), (1, 0, 1, 7)]",13090.283571298001
"[(0, 1, 1), (2, 0, 1, 7)]",13090.285457342077
"[(0, 1, 1), (1, 0, 2, 7)]",13090.301126577242
"[(3, 1, 1), (1, 0, 3, 7)]",13090.391422004615
"[(1, 1, 3), (1, 0, 3, 7)]",13090.391453854638
"[(0, 1, 2), (3, 0, 3, 7)]",13090.984902062455
"[(1, 1, 1), (3, 0, 3, 7)]",13091.08719671227
"[(2, 1, 3), (3, 0, 1, 7)]",13091.331227113931
"[(0, 1, 1), (2, 0, 2, 7)]",13091.508883614635
"[(2, 1, 3), (1, 0, 3, 7)]",13091.83753521282
"[(3, 1, 2), (3, 0, 1, 7)]",13091.938064378157
"[(0, 1, 2), (2, 0, 1, 7)]",13092.095082248677
"[(1, 1, 1), (2, 0, 1, 7)]",13092.098362493418
"[(0, 1, 2), (1, 0, 2, 7)]",13092.118538762441
"[(1, 1, 1), (1, 0, 2, 7)]",13092.121787236183
"[(2, 1, 1), (1, 0, 1, 7)]",13092.14787318644
"[(0, 1, 3), (1, 0, 1, 7)]",13092.153744219982
"[(1, 1, 2), (1, 0, 1, 7)]",13092.36337085662
"[(2, 1, 1), (3, 0, 3, 7)]",13092.670365285048
"[(3, 1, 2), (1, 0, 3, 7)]",13092.67438547884
"[(1, 1, 2), (3, 0, 3, 7)]",13092.680068828453
"[(0, 1, 3), (3, 0, 3, 7)]",13092.712734709738
"[(1, 1, 1), (2, 0, 2, 7)]",13093.398711363165
"[(0, 1, 2), (2, 0, 2, 7)]",13093.406053078477
"[(3, 1, 3), (1, 0, 3, 7)]",13093.707427486923
"[(0, 1, 1), (3, 0, 2, 7)]",13093.878624547833
"[(0, 1, 1), (2, 0, 3, 7)]",13093.909996200557
"[(3, 1, 3), (3, 0, 1, 7)]",13093.949665848078
"[(2, 1, 1), (2, 0, 1, 7)]",13094.00163841947
"[(0, 1, 3), (2, 0, 1, 7)]",13094.00664536607
"[(2, 1, 1), (1, 0, 2, 7)]",13094.020345673787
"[(0, 1, 3), (1, 0, 2, 7)]",13094.025505622805
"[(3, 1, 1), (1, 0, 1, 7)]",13094.085512592534
"[(1, 1, 3), (1, 0, 1, 7)]",13094.165877428275
"[(2, 1, 2), (1, 0, 1, 7)]",13094.227451615403
"[(1, 1, 2), (2, 0, 1, 7)]",13094.276134420139
"[(1, 1, 2), (1, 0, 2, 7)]",13094.28110157083
"[(3, 1, 1), (3, 0, 3, 7)]",13094.590535085505
"[(1, 1, 3), (3, 0, 3, 7)]",13094.673876356148
"[(2, 1, 2), (3, 0, 3, 7)]",13094.857858719428
"[(2, 1, 3), (1, 0, 1, 7)]",13095.497462125883
"[(0, 1, 2), (2, 0, 3, 7)]",13095.66049790908
"[(0, 1, 3), (2, 0, 2, 7)]",13095.663800839162
"[(2, 1, 1), (2, 0, 2, 7)]",13095.67413698265
"[(0, 1, 2), (3, 0, 2, 7)]",13095.695289875524
"[(1, 1, 1), (3, 0, 2, 7)]",13095.702757493547
"[(1, 1, 1), (2, 0, 3, 7)]",13095.72449548079
"[(1, 1, 2), (2, 0, 2, 7)]",13095.958893598092
"[(3, 1, 1), (2, 0, 1, 7)]",13095.964763789703
"[(3, 1, 1), (1, 0, 2, 7)]",13095.982629956343
"[(1, 1, 3), (2, 0, 1, 7)]",13096.011553866256
"[(1, 1, 3), (1, 0, 2, 7)]",13096.019685415875
"[(2, 1, 2), (2, 0, 1, 7)]",13096.088339101057
"[(2, 1, 2), (1, 0, 2, 7)]",13096.120716228535
"[(3, 1, 2), (1, 0, 1, 7)]",13096.15322261762
"[(2, 1, 3), (3, 0, 3, 7)]",13096.793034887465
"[(3, 1, 2), (3, 0, 3, 7)]",13096.812568330848
"[(3, 1, 3), (1, 0, 1, 7)]",13097.029084036687
"[(0, 1, 3), (2, 0, 3, 7)]",13097.595425606842
"[(2, 1, 1), (3, 0, 2, 7)]",13097.608296186247
"[(2, 1, 1), (2, 0, 3, 7)]",13097.61122795309
"[(3, 1, 1), (2, 0, 2, 7)]",13097.612041128803
"[(0, 1, 3), (3, 0, 2, 7)]",13097.612709056995
"[(1, 1, 3), (2, 0, 2, 7)]",13097.671719687447
"[(2, 1, 2), (2, 0, 2, 7)]",13097.703909248416
"[(1, 1, 2), (3, 0, 2, 7)]",13097.895411348643
"[(1, 1, 2), (2, 0, 3, 7)]",13097.902429572281
"[(3, 1, 2), (2, 0, 1, 7)]",13098.001574013728
"[(3, 1, 2), (1, 0, 2, 7)]",13098.106457022695
"[(2, 1, 3), (2, 0, 1, 7)]",13098.108691416852
"[(2, 1, 3), (1, 0, 2, 7)]",13098.151962177355
"[(3, 1, 3), (3, 0, 3, 7)]",13098.377977723994
"[(3, 1, 3), (1, 0, 2, 7)]",13099.14180522942
"[(3, 1, 1), (3, 0, 2, 7)]",13099.557510445182
"[(3, 1, 1), (2, 0, 3, 7)]",13099.559768749745
"[(1, 1, 3), (2, 0, 3, 7)]",13099.599034262552
"[(1, 1, 3), (3, 0, 2, 7)]",13099.612699505447
"[(2, 1, 2), (2, 0, 3, 7)]",13099.657943169792
"[(3, 1, 2), (2, 0, 2, 7)]",13099.680303254465
"[(2, 1, 2), (3, 0, 2, 7)]",13099.683102285486
"[(2, 1, 3), (2, 0, 2, 7)]",13099.717883565012
"[(3, 1, 3), (2, 0, 1, 7)]",13099.89596898732
"[(2, 1, 3), (2, 0, 3, 7)]",13101.369191426724
"[(3, 1, 3), (2, 0, 2, 7)]",13101.512921326295
"[(3, 1, 2), (3, 0, 2, 7)]",13101.600168457462
"[(3, 1, 2), (2, 0, 3, 7)]",13101.623928569294
"[(2, 1, 3), (3, 0, 2, 7)]",13101.651980221348
"[(3, 1, 3), (3, 0, 2, 7)]",13103.220917377432
"[(3, 1, 3), (2, 0, 3, 7)]",13103.439099626412
"[(3, 1, 0), (3, 0, 1, 7)]",13249.227355356026
"[(3, 1, 0), (1, 0, 3, 7)]",13249.55284099744
"[(3, 1, 0), (1, 0, 1, 7)]",13253.600308228359
"[(3, 1, 0), (2, 0, 1, 7)]",13255.376844378392
"[(3, 1, 0), (1, 0, 2, 7)]",13255.403779571672
"[(3, 1, 0), (3, 0, 3, 7)]",13255.587562098839
"[(3, 1, 0), (2, 0, 2, 7)]",13256.921481411124
"[(3, 1, 0), (3, 0, 2, 7)]",13258.824192986376
"[(3, 1, 0), (2, 0, 3, 7)]",13258.827955630091
"[(1, 1, 3), (3, 0, 0, 7)]",13337.366958139544
"[(2, 1, 2), (3, 0, 0, 7)]",13337.367416875866
"[(3, 1, 2), (3, 0, 0, 7)]",13338.876012056493
"[(2, 1, 3), (3, 0, 0, 7)]",13339.033793566101
"[(3, 1, 3), (3, 0, 0, 7)]",13341.1592729965
"[(3, 1, 1), (3, 0, 0, 7)]",13351.02508684281
"[(2, 1, 1), (3, 0, 0, 7)]",13354.291536725308
"[(2, 1, 0), (1, 0, 3, 7)]",13356.058969431546
"[(2, 1, 0), (3, 0, 1, 7)]",13356.113291026739
"[(0, 1, 3), (3, 0, 0, 7)]",13357.625502342795
"[(1, 1, 1), (3, 0, 0, 7)]",13360.226267818423
"[(2, 1, 0), (1, 0, 1, 7)]",13361.785871443353
"[(0, 1, 2), (3, 0, 0, 7)]",13362.098157023394
"[(2, 1, 0), (2, 0, 1, 7)]",13363.781761621987
"[(2, 1, 0), (1, 0, 2, 7)]",13363.782273091476
"[(2, 1, 0), (3, 0, 3, 7)]",13364.942133525765
"[(2, 1, 0), (2, 0, 2, 7)]",13365.716062121284
"[(2, 1, 0), (2, 0, 3, 7)]",13367.711221868041
"[(2, 1, 0), (3, 0, 2, 7)]",13367.718387312727
"[(0, 1, 1), (3, 0, 0, 7)]",13369.982241555059
"[(1, 1, 2), (3, 0, 0, 7)]",13373.981900053892
"[(3, 1, 3), (2, 0, 0, 7)]",13426.484552064056
"[(1, 1, 3), (2, 0, 0, 7)]",13429.864880397796
"[(2, 1, 3), (2, 0, 0, 7)]",13431.179573452631
"[(3, 1, 1), (2, 0, 0, 7)]",13437.103016956238
"[(2, 1, 1), (2, 0, 0, 7)]",13437.705904789033
"[(0, 1, 3), (2, 0, 0, 7)]",13439.600269415758
"[(1, 1, 1), (2, 0, 0, 7)]",13440.370260194803
"[(3, 1, 2), (2, 0, 0, 7)]",13441.699564342896
"[(2, 1, 2), (2, 0, 0, 7)]",13441.959582504744
"[(0, 1, 2), (2, 0, 0, 7)]",13442.61853558771
"[(0, 1, 1), (2, 0, 0, 7)]",13459.027783524823
"[(1, 1, 2), (2, 0, 0, 7)]",13461.147786527625
"[(2, 1, 3), (0, 0, 2, 7)]",13536.276455377105
"[(1, 1, 0), (1, 0, 3, 7)]",13550.359936325145
"[(1, 1, 0), (3, 0, 1, 7)]",13550.460432403186
"[(3, 1, 0), (3, 0, 0, 7)]",13553.216180886964
"[(1, 1, 0), (1, 0, 1, 7)]",13556.45932949159
"[(1, 1, 0), (2, 0, 1, 7)]",13558.25949981121
"[(1, 1, 0), (1, 0, 2, 7)]",13558.285404576272
"[(1, 1, 0), (2, 0, 2, 7)]",13559.625707296964
"[(1, 1, 0), (3, 0, 3, 7)]",13561.513918533456
"[(1, 1, 0), (2, 0, 3, 7)]",13561.87171862249
"[(1, 1, 0), (3, 0, 2, 7)]",13561.908073959454
"[(2, 1, 3), (0, 0, 3, 7)]",13562.168309753983
"[(2, 1, 3), (0, 0, 1, 7)]",13568.924082571943
"[(3, 1, 3), (0, 0, 3, 7)]",13586.66721312455
"[(1, 1, 1), (0, 0, 3, 7)]",13588.15205189447
"[(0, 1, 3), (0, 0, 3, 7)]",13588.65218211318
"[(2, 1, 1), (0, 0, 3, 7)]",13589.172123627706
"[(0, 1, 2), (0, 0, 3, 7)]",13589.634458951412
"[(3, 1, 1), (0, 0, 3, 7)]",13590.386465723219
"[(1, 1, 3), (0, 0, 3, 7)]",13590.576936255271
"[(2, 1, 2), (0, 0, 3, 7)]",13590.985085133321
"[(3, 1, 2), (0, 0, 3, 7)]",13592.921270382823
"[(1, 1, 1), (2, 0, 3, 2)]",13600.665831025774
"[(3, 1, 3), (0, 0, 2, 7)]",13604.355848308074
"[(1, 1, 1), (2, 0, 2, 2)]",13606.370917662782
"[(0, 1, 1), (0, 0, 3, 7)]",13609.02435920294
"[(1, 1, 2), (0, 0, 3, 7)]",13612.900575799358
"[(2, 1, 1), (2, 0, 2, 5)]",13614.110867658503
"[(1, 1, 1), (3, 0, 3, 2)]",13614.608418896725
"[(3, 1, 3), (1, 0, 0, 5)]",13616.062326924592
"[(2, 1, 2), (2, 0, 2, 5)]",13619.309708301887
"[(3, 1, 1), (2, 0, 2, 5)]",13619.449808321682
"[(0, 1, 1), (2, 0, 2, 2)]",13620.112939478811
"[(2, 1, 2), (3, 0, 2, 5)]",13620.201399216134
"[(2, 1, 1), (2, 0, 3, 5)]",13620.711328557254
"[(0, 1, 2), (3, 0, 2, 5)]",13620.914212184936
"[(3, 1, 2), (3, 0, 2, 5)]",13622.12975020993
"[(1, 1, 1), (3, 0, 2, 2)]",13623.185847040393
"[(2, 1, 2), (3, 0, 3, 5)]",13624.120292643096
"[(0, 1, 3), (2, 0, 2, 5)]",13624.2399441745
"[(2, 1, 3), (1, 0, 0, 7)]",13624.391783065857
"[(2, 1, 2), (2, 0, 3, 5)]",13624.50156470326
"[(1, 1, 1), (2, 0, 2, 5)]",13624.725319806861
"[(1, 1, 1), (2, 0, 3, 5)]",13624.807581064142
"[(3, 1, 3), (1, 0, 0, 7)]",13624.82365289263
"[(2, 1, 1), (3, 0, 2, 5)]",13624.88653777471
"[(2, 1, 3), (2, 0, 3, 5)]",13627.250290856307
"[(0, 1, 2), (3, 0, 3, 5)]",13627.865014363764
"[(2, 1, 3), (3, 0, 2, 5)]",13628.97408144787
"[(0, 1, 3), (3, 0, 3, 5)]",13631.599705163528
"[(1, 1, 3), (2, 0, 2, 5)]",13631.78338545581
"[(3, 1, 2), (3, 0, 3, 5)]",13633.201695072916
"[(3, 1, 2), (2, 0, 2, 5)]",13633.920450590991
"[(1, 1, 3), (3, 0, 3, 5)]",13633.983072248653
"[(0, 1, 3), (2, 0, 3, 5)]",13636.582937573976
"[(3, 1, 3), (3, 0, 2, 5)]",13636.602244156318
"[(3, 1, 1), (3, 0, 3, 5)]",13637.396681651026
"[(3, 1, 3), (2, 0, 2, 5)]",13637.56767222377
"[(1, 1, 3), (2, 0, 3, 5)]",13639.275375362975
"[(2, 1, 3), (2, 0, 2, 5)]",13639.497244211627
"[(1, 1, 3), (3, 0, 2, 5)]",13639.583826681843
"[(1, 1, 1), (3, 0, 3, 5)]",13641.550758129466
"[(3, 1, 1), (3, 0, 2, 5)]",13641.57468030944
"[(3, 1, 3), (0, 0, 1, 5)]",13642.343180816424
"[(3, 1, 3), (1, 0, 1, 5)]",13643.366343250074
"[(2, 1, 3), (3, 0, 3, 5)]",13643.62364635093
"[(0, 1, 1), (2, 0, 2, 5)]",13643.980190358252
"[(0, 1, 1), (2, 0, 3, 2)]",13644.37865082861
"[(1, 1, 3), (1, 0, 0, 7)]",13645.2194800132
"[(1, 1, 1), (3, 0, 2, 5)]",13645.302879609113
"[(2, 1, 3), (2, 0, 0, 5)]",13645.640857994327
"[(0, 1, 1), (2, 0, 3, 5)]",13646.505135068499
"[(0, 1, 1), (3, 0, 2, 5)]",13646.506193686244
"[(2, 1, 2), (1, 0, 0, 7)]",13647.132045780718
"[(3, 1, 2), (2, 0, 3, 5)]",13647.33905496124
"[(3, 1, 2), (1, 0, 0, 7)]",13647.566264084911
"[(0, 1, 3), (3, 0, 2, 5)]",13650.81650747971
"[(2, 1, 0), (3, 0, 0, 7)]",13651.03357412494
"[(2, 1, 3), (0, 0, 3, 5)]",13651.094334232173
"[(2, 1, 3), (1, 0, 1, 5)]",13653.121596902594
"[(2, 1, 1), (3, 0, 3, 5)]",13653.917425723474
"[(2, 1, 3), (3, 0, 0, 5)]",13656.109648595811
"[(1, 1, 1), (1, 0, 0, 7)]",13656.211443486554
"[(0, 1, 2), (1, 0, 0, 7)]",13656.99728390575
"[(0, 1, 3), (1, 0, 0, 7)]",13657.776207243769
"[(2, 1, 1), (1, 0, 0, 7)]",13658.068574925328
"[(0, 1, 2), (2, 0, 2, 5)]",13658.797435987994
"[(3, 1, 1), (1, 0, 0, 7)]",13659.25476901196
"[(1, 1, 2), (3, 0, 3, 5)]",13659.63253114908
"[(3, 1, 3), (2, 0, 3, 5)]",13659.941229848839
"[(2, 1, 3), (3, 0, 1, 5)]",13663.371969532578
"[(3, 1, 0), (2, 0, 0, 7)]",13664.09899067899
"[(1, 1, 0), (2, 0, 3, 2)]",13664.546773159389
"[(2, 1, 3), (0, 0, 2, 5)]",13666.734540573787
"[(1, 1, 2), (2, 0, 2, 5)]",13667.088899767563
"[(0, 1, 1), (3, 0, 3, 2)]",13668.194940446809
"[(1, 1, 2), (2, 0, 3, 5)]",13673.129250271755
"[(1, 1, 0), (3, 0, 3, 2)]",13673.404049750508
"[(2, 1, 3), (1, 0, 2, 5)]",13673.408215174928
"[(1, 1, 2), (3, 0, 2, 5)]",13674.411839583672
"[(0, 1, 1), (1, 0, 0, 7)]",13676.420372029457
"[(1, 1, 2), (1, 0, 0, 7)]",13678.093587686122
"[(3, 1, 1), (0, 0, 2, 7)]",13678.364877089734
"[(0, 1, 2), (0, 0, 2, 7)]",13678.77551291954
"[(1, 1, 1), (0, 0, 2, 7)]",13678.845989589063
"[(3, 1, 2), (0, 0, 2, 7)]",13679.395923703763
"[(2, 1, 3), (1, 0, 3, 5)]",13680.092976981014
"[(2, 1, 1), (0, 0, 2, 7)]",13680.562012753722
"[(0, 1, 3), (0, 0, 2, 7)]",13680.620225302231
"[(1, 1, 3), (0, 0, 2, 7)]",13682.195053698422
"[(2, 1, 2), (0, 0, 2, 7)]",13682.797477080883
"[(0, 1, 1), (3, 0, 3, 5)]",13686.468859440794
"[(3, 1, 1), (2, 0, 3, 5)]",13687.056641875399
"[(2, 1, 3), (0, 0, 1, 5)]",13687.300615721137
"[(0, 1, 2), (2, 0, 3, 5)]",13687.603847503036
"[(0, 1, 1), (0, 0, 2, 7)]",13697.011087672126
"[(1, 1, 2), (0, 0, 2, 7)]",13698.210311916086
"[(2, 1, 3), (2, 0, 1, 5)]",13725.057674022795
"[(0, 1, 1), (3, 0, 2, 2)]",13725.169082191373
"[(3, 1, 0), (3, 0, 3, 5)]",13757.446666323216
"[(3, 1, 0), (2, 0, 2, 5)]",13762.154558609396
"[(2, 1, 0), (2, 0, 0, 7)]",13767.528891481954
"[(3, 1, 0), (2, 0, 3, 5)]",13780.685710658478
"[(3, 1, 0), (3, 0, 2, 5)]",13781.418516948115
"[(1, 1, 0), (3, 0, 0, 7)]",13827.712165300698
"[(3, 1, 2), (0, 0, 1, 7)]",13827.790882660338
"[(3, 1, 3), (0, 0, 1, 7)]",13829.202938721535
"[(3, 1, 1), (0, 0, 1, 7)]",13832.979694438603
"[(1, 1, 3), (0, 0, 1, 7)]",13842.560035430975
"[(0, 1, 2), (0, 0, 1, 7)]",13843.971092980808
"[(1, 1, 1), (0, 0, 1, 7)]",13844.762206083367
"[(2, 1, 1), (0, 0, 1, 7)]",13844.838145436934
"[(0, 1, 3), (0, 0, 1, 7)]",13845.967454695814
"[(2, 1, 2), (0, 0, 1, 7)]",13848.750698596003
"[(3, 1, 0), (0, 0, 3, 7)]",13860.20433859429
"[(0, 1, 1), (0, 0, 1, 7)]",13864.632562344716
"[(1, 1, 2), (0, 0, 1, 7)]",13868.502425128816
"[(3, 1, 2), (0, 0, 3, 5)]",13903.543449064173
"[(3, 1, 2), (1, 0, 3, 5)]",13904.316579133952
"[(3, 1, 2), (3, 0, 1, 5)]",13920.400452784248
"[(2, 1, 0), (2, 0, 2, 5)]",13925.30691702242
"[(2, 1, 0), (3, 0, 3, 5)]",13927.9822273346
"[(2, 1, 0), (3, 0, 2, 5)]",13933.29082990275
"[(3, 1, 2), (1, 0, 2, 5)]",13933.526767455
"[(3, 1, 2), (3, 0, 0, 5)]",13933.721800345416
"[(3, 1, 0), (1, 0, 0, 7)]",13935.554786418754
"[(3, 1, 2), (2, 0, 0, 5)]",13936.475701589748
"[(1, 1, 0), (2, 0, 0, 7)]",13944.122508114928
"[(3, 1, 2), (1, 0, 0, 5)]",13945.48028614696
"[(3, 1, 2), (2, 0, 1, 5)]",13949.31099150029
"[(2, 1, 0), (0, 0, 3, 7)]",13951.71973914736
"[(2, 1, 0), (2, 0, 3, 5)]",13952.22651699327
"[(3, 1, 2), (0, 0, 2, 5)]",13953.994062912627
"[(3, 1, 2), (0, 0, 1, 5)]",13955.889538709565
"[(3, 1, 2), (1, 0, 1, 5)]",13957.573024359837
"[(3, 1, 0), (0, 0, 2, 7)]",13980.237078949407
"[(2, 1, 3), (0, 0, 0, 2)]",13986.971838366062
"[(2, 1, 3), (0, 0, 0, 7)]",13986.971838366062
"[(2, 1, 3), (0, 0, 0, 5)]",13986.971838366062
"[(3, 1, 3), (0, 0, 2, 5)]",13999.560866930427
"[(3, 1, 3), (1, 0, 2, 5)]",14001.358328074348
"[(3, 1, 3), (0, 0, 3, 5)]",14001.37335711933
"[(3, 1, 2), (0, 0, 0, 2)]",14002.263761500535
"[(3, 1, 2), (0, 0, 0, 5)]",14002.263761500535
"[(3, 1, 2), (0, 0, 0, 7)]",14002.263761500535
"[(3, 1, 3), (1, 0, 3, 5)]",14003.388214109385
"[(3, 1, 3), (2, 0, 1, 5)]",14003.780717482006
"[(3, 1, 3), (2, 0, 0, 5)]",14003.909635988148
"[(3, 1, 3), (3, 0, 1, 5)]",14004.309642469469
"[(3, 1, 3), (3, 0, 0, 5)]",14005.774694226464
"[(1, 1, 3), (0, 0, 2, 5)]",14011.48183628933
"[(1, 1, 3), (0, 0, 3, 5)]",14013.48171065385
"[(1, 1, 3), (1, 0, 2, 5)]",14013.481761580171
"[(1, 1, 3), (2, 0, 0, 5)]",14014.121855133551
"[(1, 1, 3), (1, 0, 3, 5)]",14015.480539059638
"[(1, 1, 3), (2, 0, 1, 5)]",14016.032557854971
"[(1, 1, 3), (3, 0, 0, 5)]",14016.042435317966
"[(1, 1, 3), (3, 0, 1, 5)]",14018.115412690786
"[(3, 1, 1), (1, 0, 3, 5)]",14019.657139163008
"[(3, 1, 1), (0, 0, 2, 2)]",14020.737927451904
"[(3, 1, 1), (0, 0, 3, 2)]",14022.439505840011
"[(2, 1, 3), (1, 0, 0, 5)]",14026.11069867539
"[(3, 1, 1), (0, 0, 2, 5)]",14030.057863043385
"[(3, 1, 1), (2, 0, 0, 5)]",14030.680454483481
"[(0, 1, 0), (3, 0, 1, 7)]",14031.023437462201
"[(2, 1, 1), (0, 0, 3, 2)]",14031.726295266992
"[(3, 1, 1), (1, 0, 2, 5)]",14031.858050914976
"[(0, 1, 0), (1, 0, 3, 7)]",14031.860410682923
"[(3, 1, 1), (0, 0, 3, 5)]",14031.936716531067
"[(3, 1, 1), (3, 0, 0, 5)]",14032.507141260807
"[(3, 1, 1), (2, 0, 1, 5)]",14032.51893553473
"[(0, 1, 1), (1, 0, 3, 2)]",14032.9338439621
"[(1, 1, 1), (1, 0, 3, 2)]",14033.032257433355
"[(3, 1, 1), (3, 0, 1, 5)]",14034.505720130022
"[(1, 1, 0), (3, 0, 2, 2)]",14035.35202576146
"[(1, 1, 1), (1, 0, 2, 2)]",14037.365105330126
"[(1, 1, 3), (3, 0, 0, 2)]",14038.175309425442
"[(3, 1, 1), (1, 0, 1, 5)]",14038.23224306892
"[(0, 1, 1), (1, 0, 2, 2)]",14038.975831085705
"[(1, 1, 0), (1, 0, 3, 2)]",14039.240756937867
"[(0, 1, 0), (2, 0, 1, 7)]",14039.387655048315
"[(0, 1, 0), (1, 0, 1, 7)]",14039.551593628683
"[(0, 1, 0), (1, 0, 2, 7)]",14039.673845631001
"[(3, 1, 0), (0, 0, 3, 2)]",14040.796246051836
"[(2, 1, 1), (0, 0, 2, 2)]",14040.811594528788
"[(1, 1, 3), (2, 0, 0, 2)]",14041.525832380561
"[(0, 1, 0), (3, 0, 3, 7)]",14042.154582649866
"[(0, 1, 0), (2, 0, 2, 7)]",14042.722414899225
"[(0, 1, 0), (3, 0, 2, 7)]",14042.922318045968
"[(0, 1, 0), (2, 0, 3, 7)]",14043.197562351543
"[(1, 1, 3), (1, 0, 1, 5)]",14044.15840138698
"[(3, 1, 3), (0, 0, 0, 5)]",14046.08018148908
"[(3, 1, 3), (0, 0, 0, 2)]",14046.08018148908
"[(3, 1, 3), (0, 0, 0, 7)]",14046.08018148908
"[(3, 1, 1), (0, 0, 1, 2)]",14047.1792504322
"[(2, 1, 0), (1, 0, 0, 7)]",14047.484393592153
"[(0, 1, 3), (3, 0, 0, 5)]",14047.704102679629
"[(0, 1, 3), (2, 0, 1, 5)]",14049.013126380461
"[(3, 1, 1), (0, 0, 1, 5)]",14049.596216489164
"[(0, 1, 3), (3, 0, 1, 5)]",14049.617378066687
"[(0, 1, 3), (2, 0, 0, 5)]",14049.716894466277
"[(2, 1, 2), (3, 0, 0, 5)]",14049.86658216443
"[(1, 1, 2), (3, 0, 0, 5)]",14050.407145684865
"[(1, 1, 2), (2, 0, 0, 5)]",14050.869198724045
"[(2, 1, 2), (3, 0, 1, 5)]",14051.274364816169
"[(2, 1, 2), (2, 0, 0, 5)]",14051.42400473159
"[(1, 1, 2), (2, 0, 1, 5)]",14051.467522847503
"[(2, 1, 2), (2, 0, 1, 5)]",14051.540910602587
"[(3, 1, 1), (1, 0, 0, 5)]",14051.911203231124
"[(1, 1, 2), (1, 0, 2, 5)]",14051.912720025995
"[(1, 1, 2), (3, 0, 1, 5)]",14052.146753749064
"[(1, 1, 2), (1, 0, 3, 5)]",14053.005497864247
"[(2, 1, 1), (3, 0, 0, 5)]",14053.091789714905
"[(2, 1, 2), (1, 0, 2, 5)]",14053.90315270886
"[(0, 1, 3), (0, 0, 2, 5)]",14054.220297978982
"[(0, 1, 3), (0, 0, 3, 5)]",14054.228371686597
"[(2, 1, 1), (2, 0, 1, 5)]",14054.295620042472
"[(0, 1, 3), (1, 0, 2, 5)]",14054.398499061983
"[(2, 1, 1), (2, 0, 0, 5)]",14054.510316384347
"[(2, 1, 1), (3, 0, 1, 5)]",14055.011914858807
"[(1, 1, 2), (0, 0, 3, 5)]",14055.292170114795
"[(0, 1, 3), (1, 0, 3, 5)]",14056.225091140645
"[(1, 1, 2), (0, 0, 2, 5)]",14056.24003205496
"[(0, 1, 2), (1, 0, 3, 5)]",14056.47301277882
"[(2, 1, 2), (0, 0, 3, 5)]",14056.601118873652
"[(2, 1, 1), (1, 0, 2, 5)]",14056.682194083733
"[(2, 1, 1), (0, 0, 2, 5)]",14057.12640983686
"[(1, 1, 1), (1, 0, 3, 5)]",14057.192753787847
"[(2, 1, 1), (0, 0, 3, 5)]",14057.773231460085
"[(3, 1, 1), (0, 0, 0, 5)]",14057.874926519773
"[(3, 1, 1), (0, 0, 0, 2)]",14057.874926519773
"[(3, 1, 1), (0, 0, 0, 7)]",14057.874926519773
"[(2, 1, 2), (0, 0, 2, 5)]",14058.172759209778
"[(0, 1, 2), (1, 0, 2, 5)]",14058.463933458885
"[(2, 1, 2), (1, 0, 3, 5)]",14058.596112169587
"[(0, 1, 1), (2, 0, 0, 2)]",14058.669441976943
"[(1, 1, 1), (1, 0, 2, 5)]",14058.996887126212
"[(0, 1, 1), (3, 0, 0, 2)]",14059.487935788826
"[(2, 1, 1), (1, 0, 3, 5)]",14059.733430483391
"[(0, 1, 1), (2, 0, 1, 2)]",14059.822719139724
"[(0, 1, 1), (1, 0, 3, 5)]",14059.871111444867
"[(0, 1, 1), (3, 0, 0, 5)]",14060.151017099073
"[(1, 1, 1), (2, 0, 0, 2)]",14060.402513971636
"[(0, 1, 2), (2, 0, 0, 2)]",14060.407090453413
"[(1, 1, 0), (3, 0, 1, 2)]",14060.633806681082
"[(1, 1, 0), (2, 0, 1, 2)]",14060.634183002087
"[(0, 1, 3), (2, 0, 0, 2)]",14060.726372660358
"[(0, 1, 1), (1, 0, 2, 5)]",14061.118058792035
"[(0, 1, 2), (3, 0, 0, 2)]",14061.302902312873
"[(1, 1, 1), (3, 0, 0, 2)]",14061.303188391912
"[(1, 1, 0), (0, 0, 3, 2)]",14061.464347166426
"[(1, 1, 0), (2, 0, 2, 2)]",14061.48074211906
"[(0, 1, 2), (3, 0, 0, 5)]",14061.56494675023
"[(3, 1, 0), (0, 0, 2, 2)]",14061.573131627349
"[(0, 1, 1), (0, 0, 3, 2)]",14061.578899774153
"[(1, 1, 1), (2, 0, 1, 2)]",14061.602428771694
"[(1, 1, 1), (3, 0, 0, 5)]",14061.68566174628
"[(0, 1, 1), (3, 0, 1, 5)]",14061.693380617704
"[(1, 1, 0), (1, 0, 2, 2)]",14061.69464262019
"[(0, 1, 3), (3, 0, 0, 2)]",14061.756123490308
"[(2, 1, 0), (0, 0, 3, 2)]",14061.798958732394
"[(0, 1, 1), (0, 0, 2, 2)]",14062.058732186828
"[(1, 1, 1), (0, 0, 2, 2)]",14062.513772674854
"[(0, 1, 1), (2, 0, 1, 5)]",14062.535289172985
"[(0, 1, 1), (3, 0, 1, 2)]",14062.567932162987
"[(1, 1, 2), (2, 0, 0, 2)]",14062.607501495384
"[(1, 1, 1), (0, 0, 3, 2)]",14062.823347339472
"[(1, 1, 2), (3, 0, 0, 2)]",14062.998536422907
"[(0, 1, 2), (2, 0, 1, 5)]",14063.261921227895
"[(0, 1, 2), (3, 0, 1, 5)]",14063.273902609146
"[(1, 1, 1), (3, 0, 1, 5)]",14063.362520718736
"[(1, 1, 1), (2, 0, 1, 5)]",14063.516280603006
"[(0, 1, 2), (2, 0, 0, 5)]",14063.517951037742
"[(0, 1, 1), (2, 0, 0, 5)]",14063.664455627482
"[(1, 1, 1), (2, 0, 0, 5)]",14063.932896489468
"[(1, 1, 1), (3, 0, 1, 2)]",14064.314442570338
"[(1, 1, 3), (0, 0, 0, 7)]",14066.143523836137
"[(1, 1, 3), (0, 0, 0, 2)]",14066.143523836137
"[(1, 1, 3), (0, 0, 0, 5)]",14066.143523836137
"[(1, 1, 3), (0, 0, 1, 5)]",14066.412889526835
"[(0, 1, 2), (0, 0, 3, 5)]",14066.455860030397
"[(1, 1, 1), (0, 0, 3, 5)]",14066.92975184138
"[(0, 1, 1), (0, 0, 3, 5)]",14067.027147318426
"[(1, 1, 3), (1, 0, 0, 5)]",14067.055100802765
"[(0, 1, 2), (0, 0, 2, 5)]",14067.46271407563
"[(1, 1, 1), (0, 0, 2, 5)]",14068.552093149396
"[(0, 1, 1), (0, 0, 2, 5)]",14071.923608300154
"[(1, 1, 2), (1, 0, 1, 5)]",14074.196184585764
"[(2, 1, 2), (1, 0, 1, 5)]",14075.700126733625
"[(2, 1, 0), (0, 0, 2, 7)]",14080.00558792211
"[(1, 1, 1), (1, 0, 1, 2)]",14082.765174549197
"[(2, 1, 1), (1, 0, 1, 5)]",14083.8967784722
"[(1, 1, 2), (0, 0, 1, 5)]",14086.345367287198
"[(2, 1, 2), (0, 0, 1, 5)]",14087.048214593753
"[(0, 1, 3), (1, 0, 1, 5)]",14087.090541531321
"[(0, 1, 1), (1, 0, 1, 2)]",14087.548351699761
"[(0, 1, 2), (1, 0, 1, 5)]",14087.900813109774
"[(2, 1, 1), (0, 0, 1, 2)]",14089.003154765896
"[(1, 1, 1), (1, 0, 1, 5)]",14089.354983193885
"[(2, 1, 2), (1, 0, 0, 5)]",14090.366821366122
"[(1, 1, 2), (1, 0, 0, 5)]",14090.943254436726
"[(1, 1, 3), (1, 0, 0, 2)]",14091.122469632974
"[(3, 1, 0), (0, 0, 1, 2)]",14093.461408505525
"[(2, 1, 0), (0, 0, 1, 2)]",14094.864466145602
"[(2, 1, 0), (0, 0, 2, 2)]",14094.893729905112
"[(2, 1, 1), (0, 0, 0, 2)]",14095.498074103569
"[(2, 1, 1), (0, 0, 0, 7)]",14095.498074103569
"[(2, 1, 1), (0, 0, 0, 5)]",14095.498074103569
"[(2, 1, 1), (0, 0, 1, 5)]",14095.501492141786
"[(1, 1, 0), (0, 0, 3, 7)]",14095.615219352756
"[(2, 1, 2), (0, 0, 0, 5)]",14095.844410549718
"[(2, 1, 2), (0, 0, 0, 7)]",14095.844410549718
"[(2, 1, 2), (0, 0, 0, 2)]",14095.844410549718
"[(2, 1, 1), (1, 0, 0, 5)]",14096.135316129847
"[(0, 1, 3), (1, 0, 0, 2)]",14096.892368702895
"[(1, 1, 1), (0, 0, 1, 2)]",14097.090423598795
"[(0, 1, 2), (0, 0, 1, 5)]",14098.075047244449
"[(1, 1, 2), (0, 0, 0, 7)]",14098.58357337979
"[(1, 1, 2), (0, 0, 0, 5)]",14098.58357337979
"[(1, 1, 2), (0, 0, 0, 2)]",14098.58357337979
"[(0, 1, 2), (1, 0, 0, 2)]",14098.860944824719
"[(1, 1, 1), (1, 0, 0, 2)]",14099.172647255355
"[(0, 1, 2), (1, 0, 0, 5)]",14099.197095212321
"[(0, 1, 3), (0, 0, 1, 5)]",14099.204834970413
"[(1, 1, 1), (0, 0, 1, 5)]",14099.477690852073
"[(1, 1, 0), (0, 0, 1, 2)]",14099.906686873228
"[(0, 1, 2), (0, 0, 0, 7)]",14099.947894513622
"[(0, 1, 2), (0, 0, 0, 5)]",14099.947894513622
"[(0, 1, 2), (0, 0, 0, 2)]",14099.947894513622
"[(0, 1, 1), (1, 0, 1, 5)]",14100.002393892417
"[(0, 1, 3), (0, 0, 0, 5)]",14100.051460339151
"[(0, 1, 3), (0, 0, 0, 7)]",14100.051460339151
"[(0, 1, 3), (0, 0, 0, 2)]",14100.051460339151
"[(1, 1, 0), (0, 0, 2, 2)]",14100.127733977875
"[(0, 1, 3), (1, 0, 0, 5)]",14100.128251114642
"[(1, 1, 2), (1, 0, 0, 2)]",14100.446419556758
"[(1, 1, 0), (1, 0, 1, 2)]",14100.7527857812
"[(1, 1, 1), (1, 0, 0, 5)]",14100.852608209512
"[(1, 1, 1), (0, 0, 0, 7)]",14102.334576124744
"[(1, 1, 1), (0, 0, 0, 5)]",14102.334576124744
"[(1, 1, 1), (0, 0, 0, 2)]",14102.334576124744
"[(0, 1, 1), (0, 0, 1, 2)]",14109.16149579914
"[(0, 1, 1), (0, 0, 1, 5)]",14113.470117875746
"[(0, 1, 1), (1, 0, 0, 2)]",14114.626352424268
"[(0, 1, 1), (1, 0, 0, 5)]",14117.199022829991
"[(0, 1, 1), (0, 0, 0, 7)]",14122.178623157652
"[(0, 1, 1), (0, 0, 0, 5)]",14122.178623157652
"[(0, 1, 1), (0, 0, 0, 2)]",14122.178623157652
"[(1, 1, 0), (3, 0, 0, 2)]",14141.290517417454
"[(3, 1, 0), (0, 0, 1, 7)]",14172.032223844431
"[(1, 1, 0), (1, 0, 0, 7)]",14202.707416334415
"[(1, 1, 0), (0, 0, 2, 7)]",14227.303742835466
"[(1, 1, 0), (2, 0, 0, 2)]",14232.094277395481
"[(1, 1, 0), (2, 0, 3, 5)]",14234.47922321367
"[(1, 1, 0), (2, 0, 2, 5)]",14254.51556073368
"[(1, 1, 0), (3, 0, 2, 5)]",14258.419840741812
"[(1, 1, 0), (3, 0, 3, 5)]",14263.931409973615
"[(2, 1, 0), (0, 0, 1, 7)]",14273.717207720456
"[(0, 1, 0), (3, 0, 0, 7)]",14294.645642706852
"[(3, 1, 0), (3, 0, 0, 5)]",14331.858604768911
"[(3, 1, 0), (3, 0, 1, 5)]",14331.945933251267
"[(3, 1, 0), (2, 0, 1, 5)]",14343.92678359312
"[(3, 1, 0), (2, 0, 0, 5)]",14354.29470392426
"[(3, 1, 0), (0, 0, 3, 5)]",14368.253697139251
"[(3, 1, 0), (1, 0, 3, 5)]",14370.188123929522
"[(3, 1, 0), (1, 0, 2, 5)]",14370.522591344255
"[(3, 1, 0), (0, 0, 2, 5)]",14374.618100984946
"[(0, 1, 0), (2, 0, 0, 7)]",14384.821490758288
"[(1, 1, 0), (0, 0, 1, 7)]",14404.48799626372
"[(3, 1, 0), (1, 0, 1, 5)]",14429.829351582874
"[(3, 1, 0), (0, 0, 1, 5)]",14456.939151753775
"[(3, 1, 0), (1, 0, 0, 5)]",14463.114430217
"[(2, 1, 0), (3, 0, 0, 5)]",14467.049562990527
"[(2, 1, 0), (3, 0, 1, 5)]",14468.014281828753
"[(1, 1, 0), (1, 0, 0, 2)]",14468.430775362482
"[(3, 1, 0), (0, 0, 0, 7)]",14469.504792322423
"[(3, 1, 0), (0, 0, 0, 5)]",14469.504792322423
"[(3, 1, 0), (0, 0, 0, 2)]",14469.504792322423
"[(2, 1, 0), (2, 0, 1, 5)]",14471.078850205111
"[(2, 1, 0), (2, 0, 0, 5)]",14473.834733384436
"[(2, 1, 0), (1, 0, 2, 5)]",14480.560765051476
"[(2, 1, 0), (0, 0, 3, 5)]",14481.994950320304
"[(2, 1, 0), (1, 0, 3, 5)]",14483.949352040952
"[(2, 1, 0), (0, 0, 2, 5)]",14485.70507964275
"[(0, 1, 0), (0, 0, 3, 7)]",14507.086151055413
"[(2, 1, 0), (1, 0, 1, 5)]",14523.628685301614
"[(2, 1, 0), (0, 0, 1, 5)]",14545.060124810105
"[(2, 1, 0), (1, 0, 0, 5)]",14551.748611375673
"[(2, 1, 0), (0, 0, 0, 2)]",14559.615410002276
"[(2, 1, 0), (0, 0, 0, 5)]",14559.615410002276
"[(2, 1, 0), (0, 0, 0, 7)]",14559.615410002276
"[(0, 1, 0), (1, 0, 0, 7)]",14599.814215463106
"[(1, 1, 0), (1, 0, 2, 5)]",14600.359525776708
"[(1, 1, 0), (1, 0, 3, 5)]",14602.349075249842
"[(0, 1, 0), (0, 0, 2, 7)]",14607.175342457935
"[(0, 1, 0), (3, 0, 2, 2)]",14611.912438801672
"[(1, 1, 0), (2, 0, 0, 5)]",14623.570220890511
"[(0, 1, 0), (2, 0, 3, 2)]",14624.373192813046
"[(1, 1, 0), (3, 0, 0, 5)]",14625.122355302534
"[(1, 1, 0), (2, 0, 1, 5)]",14625.292205602476
"[(1, 1, 0), (0, 0, 2, 5)]",14626.130631470005
"[(1, 1, 0), (0, 0, 3, 5)]",14626.419730184374
"[(1, 1, 0), (3, 0, 1, 5)]",14627.031925732443
"[(1, 1, 0), (1, 0, 1, 5)]",14630.23056998218
"[(1, 1, 0), (0, 0, 1, 5)]",14637.068058506404
"[(0, 1, 0), (2, 0, 3, 5)]",14642.298940797962
"[(0, 1, 0), (3, 0, 2, 5)]",14643.536981949997
"[(1, 1, 0), (1, 0, 0, 5)]",14644.950090877224
"[(0, 1, 0), (3, 0, 3, 2)]",14670.741872621158
"[(1, 1, 0), (0, 0, 0, 5)]",14673.57526862244
"[(1, 1, 0), (0, 0, 0, 2)]",14673.57526862244
"[(1, 1, 0), (0, 0, 0, 7)]",14673.57526862244
"[(0, 1, 0), (3, 0, 3, 5)]",14724.63344141572
"[(0, 1, 0), (0, 0, 1, 7)]",14760.370704541032
"[(0, 1, 0), (3, 0, 1, 2)]",14923.181035747137
"[(0, 1, 0), (2, 0, 2, 2)]",14929.833266647416
"[(0, 1, 0), (1, 0, 3, 2)]",14942.198589279276
"[(0, 1, 0), (0, 0, 3, 2)]",14942.216460262407
"[(0, 1, 0), (3, 0, 1, 5)]",14944.769287292325
"[(0, 1, 0), (2, 0, 1, 2)]",14953.878922220676
"[(0, 1, 0), (3, 0, 0, 2)]",14955.340841911573
"[(0, 1, 0), (1, 0, 2, 2)]",14957.338777895571
"[(0, 1, 0), (1, 0, 3, 5)]",14959.334641267564
"[(0, 1, 0), (0, 0, 3, 5)]",14960.770170621017
"[(0, 1, 0), (1, 0, 1, 2)]",14963.167622199411
"[(0, 1, 0), (2, 0, 2, 5)]",14967.746310014663
"[(0, 1, 0), (3, 0, 0, 5)]",14968.278990295716
"[(0, 1, 0), (2, 0, 1, 5)]",14972.311460095334
"[(0, 1, 0), (1, 0, 2, 5)]",14974.526640617882
"[(0, 1, 0), (1, 0, 1, 5)]",14978.168666944268
"[(0, 1, 0), (0, 0, 2, 2)]",14980.762312338855
"[(0, 1, 0), (2, 0, 0, 2)]",14988.723024237615
"[(0, 1, 0), (0, 0, 1, 2)]",14990.842977658709
"[(0, 1, 0), (1, 0, 0, 2)]",14991.348603584436
"[(0, 1, 0), (0, 0, 2, 5)]",14992.799188761022
"[(0, 1, 0), (0, 0, 0, 7)]",14993.289721604298
"[(0, 1, 0), (0, 0, 0, 5)]",14993.289721604298
"[(0, 1, 0), (0, 0, 0, 2)]",14993.289721604298
"[(0, 1, 0), (0, 0, 1, 5)]",14993.76581535198
"[(0, 1, 0), (1, 0, 0, 5)]",14993.854770218708
"[(0, 1, 0), (2, 0, 0, 5)]",14994.635340632392
